Talukname,Agriculture labourers_Rural_Male,Agriculture labourers_Rural_Females,Agriculture labourers_Rural_Total,Agriculture labourers_Urban_Male,Agriculture labourers_Urban_Females,Agriculture labourers_Urban_Total,Agriculture labourers_Total_Male,Agriculture labourers_Total_Female,Agriculture labourers_Total_Total,Persantage of Agricultural labourers to total workers
Chikkodi,18564,26133,44697,1159,562,1721,19723,26695,46418,26.17
Athani,22457,30255,52712,464,281,745,22921,30536,53457,30.55
Raibag,28423,28345,56768,2258,518,2776,30681,28863,59544,36.3
Gokak,22395,33871,56266,1122,1068,2190,23517,34939,58456,34.44
Hukkeri,23249,34884,58133,1784,1604,3388,25033,36488,61521,32.94
Belagavi,12047,19211,31258,2960,4243,7203,15007,23454,38461,10.46
Khanapur,16608,22243,38851,496,404,900,17104,22647,39751,33.57
Savadatti,30505,38162,68667,1862,1943,3805,32367,40105,72472,44.31
Bailhongal,21947,22346,44293,1040,1143,2183,22987,23489,46476,38.34
Ramadurg,17198,29364,46562,377,431,808,17575,29795,47370,38.48
Kitthuru,8858,8609,17467,1727,1048,2775,10585,9657,20242,50.26
Nippani,14521,17613,32134,1704,2048,3752,16225,19661,35886,27.27
Kagavada,9934,8750,18684,5474,4480,9954,15408,13230,28638,43.05
Mudalagi,14375,22593,36968,2473,1384,3857,16848,23977,40825,40.69
Jamakhandi,14623,17249,31872,893,978,1871,15516,18227,33743,32.5
Bilagi,14061,21658,35719,903,1055,1958,14964,22713,37677,50.26
Mudhol,19185,26021,45206,975,811,1786,20160,26832,46992,41.45
Badami,18366,28369,46735,1604,1756,3360,19970,30125,50095,44.9
Bagalkote,15794,23038,38832,590,567,1157,16384,23605,39989,33.87
Hungund,8936,13030,21966,1546,1885,3431,10482,14915,25397,37.67
Guledagudda,5489,7636,13125,228,358,586,5717,7994,13711,33.64
Ilkal,7139,12146,19285,1098,765,1863,8237,12911,21148,28.78
Rabakavi Banahatti,12020,13642,25662,4883,3946,8829,16903,17588,34491,30.09
Bijapur,12783,15570,28353,2304,1639,3943,15087,17209,32296,18.89
Indi,21891,27906,49797,853,655,1508,22744,28561,51305,39.81
Sindagi,21583,32681,54264,1212,1181,2393,22795,33862,56657,45.01
Basavan Bagewadi,13718,18151,31869,2062,2583,4645,15780,20734,36514,47.47
Muddebihal,11180,17106,28286,375,166,541,11555,17272,28827,36.31
Nidagundi,5743,8644,14387,586,623,1209,6329,9267,15596,40.95
Babaleshwara,11452,13080,24532,1145,1417,2562,12597,14497,27094,46.71
Chadachana,8784,11805,20589,770,618,1388,9554,12423,21977,40.58
Talikote,8974,11700,20674,418,512,930,9392,12212,21604,38.08
Tikota,9388,9958,19346,1200,940,2140,10588,10898,21486,40.29
Kolhara,4960,7559,12519,833,1176,2009,5793,8735,14528,39.16
Devara Hipparagi,10444,11300,21744,926,1046,1972,11370,12346,23716,49.09
Aland,34993,43160,78153,1529,1386,2915,36522,44546,81068,54.57
Afzalpur,20394,23603,43997,1721,1388,3109,22115,24991,47106,49.39
Gulbarga,14716,18762,33478,1702,680,2382,16418,19442,35860,13.5
Chincholi,27226,34689,61915,942,857,1799,28168,35546,63714,62.58
Sedam,16171,23929,40100,937,923,1860,17108,24852,41960,42.38
Chittapur,11783,17710,29493,1044,896,1940,12827,18606,31433,27.65
Jevargi,15951,22694,38645,299,270,569,16250,22964,39214,49.11
Kalagi,7069,8655,15724,626,538,1164,7695,9193,16888,34.47
Kamalapura,9816,12507,22323,1134,454,1588,10950,12961,23911,41.22
Yadrami,10634,15130,25764,199,180,379,10833,15310,26143,48.27
Shahbadha,4713,2483,7196,417,359,776,5130,2842,7972,36.36
Basavakalyan,21703,24640,46343,909,641,1550,22612,25281,47893,36.86
Bhalki,26257,26727,52984,1256,952,2208,27513,27679,55192,45.42
Aurad,17600,16481,34081,823,732,1555,18423,17213,35636,47.3
Bidar,25946,25054,51000,1369,768,2137,27315,25822,53137,29.98
Humnabad,15424,14225,29649,606,460,1066,16030,14685,30715,39.3
Chittaguppa,12584,12573,25157,1051,816,1867,13635,13389,27024,49.15
Kamalanagara,8992,8646,17638,489,550,1039,9481,9196,18677,40.6
Hulasuru,5509,6308,11817,0,0,0,5509,6308,11817,60.88
Lingasugur,14648,29296,43944,1713,1368,3081,16361,30664,47025,35.93
Devdurga,25748,39082,64830,1253,1365,2618,27001,40447,67448,48.49
Raichur,26552,37129,63681,2207,2192,4399,28759,39321,68080,31.16
Manvi,17505,23984,41489,2149,2353,4502,19654,26337,45991,52.54
Sindhanur,28702,38380,67082,1237,1755,2992,29939,40135,70074,43.71
Maski,15939,25302,41241,1755,2742,4497,17694,28044,45738,47.32
Sirivara,15378,19540,34918,2066,2186,4252,17444,21726,39170,55.6
Yelburga,13010,23210,36220,410,649,1059,13420,23859,37279,45.69
Kushtagi,20219,33737,53956,242,425,667,20461,34162,54623,40.73
Gangavathi,16180,16988,33168,2922,3324,6246,19102,20312,39414,38.36
Koppal,24020,36165,60185,392,676,1068,24412,36841,61253,35.44
Karatagi,10903,14719,25622,1665,2291,3956,12568,17010,29578,49.95
Kukanuru,10753,15232,25985,1036,1414,2450,11789,16646,28435,50.4
Kanakagiri,7349,12645,19994,1060,1380,2440,8409,14025,22434,46.9
Naragund,5080,7348,12428,2249,2909,5158,7329,10257,17586,36.66
Rona,13411,18809,32220,1304,1630,2934,14715,20439,35154,47.07
Gadag,17560,24524,42084,3469,4084,7553,21029,28608,49637,30.71
Shirahatti,9919,11125,21044,1587,1358,2945,11506,12483,23989,52.48
Mundargi,11977,16087,28064,1087,1238,2325,13064,17325,30389,46.22
Gajendragad,6559,8676,15235,1896,2563,4459,8455,11239,19694,40.29
Laxmeshwar,9748,9973,19721,2068,2072,4140,11816,12045,23861,46.68
Dharwad,17825,20360,38185,2855,2032,4887,20680,22392,43072,20.9
Navalgund,9155,13374,22529,1665,1799,3464,10820,15173,25993,42.45
Hubli,13531,16419,29950,0,0,0,13531,16419,29950,41.52
Kalgatgi,13950,18258,32208,915,812,1727,14865,19070,33935,42.38
Kundgol,18176,20021,38197,1077,1300,2377,19253,21321,40574,49.49
Hubballi Nagara,0,0,0,5771,4002,9773,5771,4002,9773,4.39
Alnavara,3146,3593,6739,374,384,758,3520,3977,7497,32.89
Annigeri,4509,6588,11097,2649,3102,5751,7158,9690,16848,44.54
Karwar,2613,1318,3931,238,100,338,2851,1418,4269,7.36
Joida,2826,2364,5190,0,0,0,2826,2364,5190,23.91
Haliyal,5489,7164,12653,533,338,871,6022,7502,13524,26.93
Yellapur,4741,4996,9737,254,89,343,4995,5085,10080,27.48
Mundgod,9820,8427,18247,914,425,1339,10734,8852,19586,43.97
Sirsi,8863,7383,16246,212,90,302,9075,7473,16548,19.96
Ankola,5346,6000,11346,468,379,847,5814,6379,12193,24.35
Kumta,5281,3566,8847,286,116,402,5567,3682,9249,14.54
Siddapur,4359,5629,9988,208,322,530,4567,5951,10518,20
Honnavar,5335,3422,8757,33,57,90,5368,3479,8847,12.84
Bhatkal,2608,2298,4906,138,31,169,2746,2329,5075,8.97
Dandelli,498,490,988,239,30,269,737,520,1257,5.53
Shiggaon,15533,15315,30848,3317,1599,4916,18850,16914,35764,42.04
Savanur,15613,13298,28911,3345,926,4271,18958,14224,33182,45.34
Hangal,26615,23238,49853,1876,475,2351,28491,23713,52204,45.21
Haveri,26435,23769,50204,3356,2516,5872,29791,26285,56076,44.62
Byadagi,13383,14145,27528,466,437,903,13849,14582,28431,43.62
Hirekerur,10633,11635,22268,778,443,1221,11411,12078,23489,41.7
Ranebennur,24419,25837,50256,1654,1280,2934,26073,27117,53190,34.97
Ratteehalli,11741,15391,27132,971,824,1795,12712,16215,28927,50.69
Hadagali,22713,27594,50307,1014,778,1792,23727,28372,52099,54.79
Hagaribommanahalli,15847,24882,40729,987,1414,2401,16834,26296,43130,48.7
Hospet,10335,12331,22666,5990,4705,10695,16325,17036,33361,23.51
Siraguppa,25362,34083,59445,5011,6279,11290,30373,40362,70735,51.31
Ballari,21091,26798,47889,4420,3993,8413,25511,30791,56302,21.27
Sonduru,8636,13496,22132,1199,790,1989,9835,14286,24121,22.2
Kudligi,18914,27089,46003,1034,1689,2723,19948,28778,48726,43.49
Kurugodu,10576,14401,24977,2678,3081,5759,13254,17482,30736,49.97
Kotturu,5946,10112,16058,403,489,892,6349,10601,16950,35.52
Kampli,11480,13686,25166,2356,2410,4766,13836,16096,29932,50.8
Harapanahalli,27379,35840,63219,1283,1167,2450,28662,37007,65669,42.75
Molakalmuru,12365,15609,27974,235,206,441,12600,15815,28415,39.75
Challakere,33504,46971,80475,251,379,630,33755,47350,81105,40.71
Chitradurga,25143,32810,57953,548,296,844,25691,33106,58797,29.58
Holalkere,16546,23851,40397,576,483,1059,17122,24334,41456,35.96
Hosadurga,13276,18790,32066,49,35,84,13325,18825,32150,25.41
Hiriyur,21864,29463,51327,674,413,1087,22538,29876,52414,36.08
Harihar,18964,13951,32915,1032,552,1584,19996,14503,34499,32.25
Jagaluru,13098,20651,33749,337,354,691,13435,21005,34440,38.55
Davanagere,27685,26201,53886,3127,2278,5405,30812,28479,59291,21.37
Honnali,14434,12689,27123,605,415,1020,15039,13104,28143,42.32
Channagiri,30100,26206,56306,565,180,745,30665,26386,57051,41.13
Nyamati,8934,7846,16780,0,0,0,8934,7846,16780,39.39
Sagara,9153,12182,21335,429,200,629,9582,12382,21964,22.4
Soraba,19497,24609,44106,254,61,315,19751,24670,44421,43.2
Shikaripura,20337,21348,41685,1318,513,1831,21655,21861,43516,40.54
Hosanagar,10216,9963,20179,15,11,26,10231,9974,20205,36.04
Thirthahalli,13594,12637,26231,17,14,31,13611,12651,26262,37.08
Shimoga,20401,15907,36308,3197,2000,5197,23598,17907,41505,20.64
Bhadravathi,24941,18041,42982,3349,2260,5609,28290,20301,48591,33.65
Kundapur,8598,10236,18834,293,433,726,8891,10669,19560,17.52
Udupi,1163,940,2103,607,430,1037,1770,1370,3140,2.95
Karkala,4248,2752,7000,170,186,356,4418,2938,7356,8.48
Bynduru,4396,5940,10336,0,0,0,4396,5940,10336,21.07
Bramhavara,7402,7274,14676,766,1348,2114,8168,8622,16790,21.29
Kapu,1190,1366,2556,165,128,293,1355,1494,2849,5
Hebri,2034,1325,3359,0,0,0,2034,1325,3359,14.3
Sringeri,2444,1527,3971,25,13,38,2469,1540,4009,26.45
Koppa,4293,3803,8096,8,8,16,4301,3811,8112,19.86
Narasimharajapura,5405,4771,10176,194,82,276,5599,4853,10452,32.77
Tarikere,12103,10515,22618,1092,525,1617,13195,11040,24235,36.01
Kadur,14391,22864,37255,1579,1148,2727,15970,24012,39982,27.31
Chikmagalur,7073,9919,16992,638,624,1262,7711,10543,18254,12.48
Mudigere,3197,3103,6300,17,21,38,3214,3124,6338,9.61
Ajjampura,6585,8172,14757,189,272,461,6774,8444,15218,29.28
Chiknayakanahalli,9360,15072,24432,318,283,601,9678,15355,25033,24.41
Sira,19993,29449,49442,440,298,738,20433,29747,50180,30
Pavagada,23081,31421,54502,406,311,717,23487,31732,55219,41.35
Madhugiri,24343,35325,59668,441,406,847,24784,35731,60515,40.27
Koratagere,11218,20199,31417,127,147,274,11345,20346,31691,33.32
Tumkur,15494,20081,35575,1701,942,2643,17195,21023,38218,14.74
Gubbi,14409,22785,37194,209,256,465,14618,23041,37659,26.98
Tiptur,7055,10310,17365,144,89,233,7199,10399,17598,17.25
Turuvekere,6272,10195,16467,96,24,120,6368,10219,16587,19.9
Kunigal,6704,12305,19009,262,315,577,6966,12620,19586,16.1
Srinivaspura,14590,17627,32217,534,629,1163,15124,18256,33380,31.35
Kolar,19739,20053,39792,1474,659,2133,21213,20712,41925,23.72
Malur,16943,17849,34792,749,475,1224,17692,18324,36016,32.06
Bangarpet,19099,21873,40972,1245,654,1899,20344,22527,42871,52.95
Mulabagilu,21227,24509,45736,487,444,931,21714,24953,46667,34.43
K.G.F,224,132,356,14,4,18,238,136,374,0.35
Bangalore (North),2475,1711,4186,16184,6887,23071,18659,8598,27257,1.35
Bangalore-South,5813,4068,9881,10137,4529,14666,15950,8597,24547,2.25
Anekal,11466,8531,19997,1721,751,2472,13187,9282,22469,8.75
Bangalore-East,2094,1419,3513,5899,2866,8765,7993,4285,12278,2.05
Yelahanka,5240,3901,9141,1520,702,2222,6760,4603,11363,4
Nelamangala,5584,6432,12016,174,105,279,5758,6537,12295,13.26
Doddaballapura,10863,15906,26769,325,166,491,11188,16072,27260,18.51
Devanahalli,9939,10427,20366,1109,950,2059,11048,11377,22425,22.38
Hoskote,11405,9710,21115,619,394,1013,12024,10104,22128,18.49
Krishnarajpet,9683,15367,25050,766,571,1337,10449,15938,26387,20.29
Nagamangala,4510,8877,13387,78,72,150,4588,8949,13537,12.92
Pandavpura,8966,10936,19902,403,427,830,9369,11363,20732,22.72
Srirangapatna,11984,11191,23175,972,628,1600,12956,11819,24775,28.95
Mandya,22468,24283,46751,948,713,1661,23416,24996,48412,25.6
Maddur,16840,18480,35320,378,460,838,17218,18940,36158,26.17
Malavalli,22107,22165,44272,1119,767,1886,23226,22932,46158,34.84
Sakleshpura,6853,7030,13883,193,55,248,7046,7085,14131,21.08
Belur,10295,14886,25181,391,214,605,10686,15100,25786,26.67
Arsikere,12422,23690,36112,89,56,145,12511,23746,36257,21.84
Hassan,4919,9093,14012,420,254,674,5339,9347,14686,8.12
Alur,4246,5825,10071,399,335,734,4645,6160,10805,22.25
Arkalgud,8659,15144,23803,329,433,762,8988,15577,24565,23.39
Holenarasipura,4595,9581,14176,379,127,506,4974,9708,14682,15.52
Channarayapatna,8559,16008,24567,245,186,431,8804,16194,24998,17.26
Mangalore,1946,1056,3002,1795,953,2748,3741,2009,5750,1.48
Bantwal,6223,1442,7665,787,277,1064,7010,1719,8729,4.25
Belthangady,6849,2615,9464,227,65,292,7076,2680,9756,7.07
Puttur,616,227,843,121,45,166,737,272,1009,1.09
Sulya,150,105,255,14,8,22,164,113,277,0.47
Mudabidri,2299,937,3236,77,51,128,2376,988,3364,6.7
Kadaba,247,91,338,33,18,51,280,109,389,0.6
Madikeri,1426,1216,2642,43,29,72,1469,1245,2714,3.77
Somawarpet,4415,4725,9140,130,64,194,4545,4789,9334,8.99
Virajpet,1570,1456,3026,52,27,79,1622,1483,3105,3.01
Piriyapatna,13605,15679,29284,521,462,983,14126,16141,30267,25.45
Hunsur,17763,21595,39358,1150,951,2101,18913,22546,41459,29.29
K.R.Nagar,16943,20125,37068,553,492,1045,17496,20617,38113,30.19
Mysuru,10696,10609,21305,3566,1153,4719,14262,11762,26024,5.22
Heggadadevanakote,19080,19135,38215,517,463,980,19597,19598,39195,43.21
Nanjangud,38363,25892,64255,269,143,412,38632,26035,64667,37.76
T.Narasipura,31605,17522,49127,1990,930,2920,33595,18452,52047,42.02
Saraguru,9016,8985,18001,741,488,1229,9757,9473,19230,44.67
Gundlupet,27223,23601,50824,265,178,443,27488,23779,51267,46.67
Chamarajanagara,44056,28431,72487,1973,793,2766,46029,29224,75253,45.94
Yalandur,10732,5657,16389,476,202,678,11208,5859,17067,48.35
Kollegala,16427,11963,28390,1584,735,2319,18011,12698,30709,39.7
Kollegala(Hanur),19230,19241,38471,769,767,1536,19999,20008,40007,41.94
Gauribidanur,25108,32056,57164,857,646,1503,25965,32702,58667,38.48
Chikballapur,13825,15211,29036,514,441,955,14339,15652,29991,29
Gudibande,4627,5940,10567,344,377,721,4971,6317,11288,36.81
Bagepalli,13487,18046,31533,503,411,914,13990,18457,32447,33.57
Shidlagatta,14309,14755,29064,1023,617,1640,15332,15372,30704,28.73
Chinthamani,20232,22200,42432,759,651,1410,20991,22851,43842,29.28
Magadi,7062,10889,17951,514,349,863,7576,11238,18814,17.68
Ramanagar,7822,8444,16266,566,312,878,8388,8756,17144,13.69
Channapatna,14548,14377,28925,467,212,679,15015,14589,29604,23.82
Kanakpura,16177,20320,36497,231,170,401,16408,20490,36898,21.02
Yadgir,12813,26472,39285,751,1062,1813,13564,27534,41098,35.59
Shahapur,18012,27896,45908,1630,2360,3990,19642,30256,49898,43.21
Shorapur,19084,28827,47911,1044,1306,2350,20128,30133,50261,44.05
Gurumithakala,8988,19677,28665,520,1483,2003,9508,21160,30668,42.73
Vadagera,9110,15348,24458,0,0,0,9110,15348,24458,44.96
Hunisigi,15096,23176,38272,0,0,0,15096,23176,38272,50.03
State total,3018047,3659182,6677229,265232,213504,478736,3283279,3872686,7155965,26.67
